<?xml version="1.0" encoding="UTF-8" standalone="yes"?>
<addon id="script.module.magnetic" name="[COLOR FFFFD800]magnetic[/COLOR]" version="1.1.43"
       provider-name="mancuniancol">
    <requires>
        <import addon="xbmc.python" version="2.1.0"/>
    </requires>
    <extension point="xbmc.python.pluginsource" library="main.py">
        <provides>executable video</provides>
    </extension>
    <extension point="kodi.context.item">
        <menu id="kodi.core.main">
            <item library="contextitem.py">
                <label>32010</label>
                <visible>true
                </visible>
            </item>
            <item library="magnetizer.py">
                <label>33000</label>
                <visible>StringCompare(ListItem.dbtype,movie) |
                    StringCompare(ListItem.dbtype,tvshow) |
                    StringCompare(ListItem.dbtype,season)|
                    !String.IsEmpty(ListItem.OriginalTitle)|
                    !String.IsEmpty(ListItem.IMDBNumber)|
                    !String.IsEmpty(ListItem.TVShowTitle)|
                    !String.IsEmpty(ListItem.Season)|
                    !String.IsEmpty(ListItem.Episode)
                </visible>
            </item>
        </menu>
    </extension>
    <extension point="xbmc.service" library="service.py" start="startup"/>
    <extension point="xbmc.python.module" library="resources/lib"/>
    <extension point="xbmc.addon.metadata">
        <summary>Magnets and Torrents Collector</summary>
        <description>Magnetic is Add-on for Kodi which allows to search torrents for other Add-ons like Quasar, YATP or
            Torrent V2.[CR]It also can work independently using the action called Magnetizer in any contextual menu in
            Kodi.
        </description>
        <disclaimer>The author does not host or distribute any of the content displayed by this addon.[CR]The author
            does not have any affiliation with the content parser.
        </disclaimer>
        <license>GNU GENERAL PUBLIC LICENSE. Version 2, June 1991</license>
        <website>http://tvaddons.ag/</website>
        <forum>https://forums.tvaddons.ag/addon-releases/31572-pulsar-providers-unofficial-pulsar-repo.html</forum>
        <source>https://github.com/mancuniancol/script.module.magnetic</source>
        <assets>
            <icon>icon.png</icon>
            <fanart>fanart.jpg</fanart>
            <screenshot>resources/screenshots/screenshot1.PNG</screenshot>
            <screenshot>resources/screenshots/screenshot2.PNG</screenshot>
            <screenshot>resources/screenshots/screenshot3.PNG</screenshot>
        </assets>
    </extension>
</addon>
