{
 "name"         : "סרטים בלחיצה",
 "repository"   : "repository.Anonymous",
 "plugin"       : "plugin.video.chappaai",
 "priority"     : 200,
 "id"           : "direct.OpenD",
 "filters"      : {},
 "postprocess"  : "",
 "movies"       : [
  [
         {
	   "language": "he",
    "link"      : "plugin://plugin.video.OpenD/?description=movies&amp;fanart=https%3a%2f%2fimage.tmdb.org%2ft%2fp%2foriginal%2f%2frqMEeajyzSF4PpJtdCB816Iz8Vr.jpg&amp;genere=%20&amp;iconimage=https%3a%2f%2fimage.tmdb.org%2ft%2fp%2foriginal%2f%2f9O7gLzmreU0nGkIB6K3BsJbzvNv.jpg&amp;mode=10&amp;name=%d7%9b%d7%9c%20%d7%94%d7%a1%d7%a8%d7%98%d7%99%d7%9d&amp;original_name=no%20order&amp;season=0&amp;url=www&amp;year=%20",
    "steps"     : [
     "@keyboard: {title}",
	 ".*{title}.*"    ],
    "action"    : "PLAY"
   },
     {

    "link"      : "plugin://plugin.video.OpenD/?description=movies&amp;fanart=https%3a%2f%2fimage.tmdb.org%2ft%2fp%2foriginal%2f%2frqMEeajyzSF4PpJtdCB816Iz8Vr.jpg&amp;genere=%20&amp;iconimage=https%3a%2f%2fimage.tmdb.org%2ft%2fp%2foriginal%2f%2f9O7gLzmreU0nGkIB6K3BsJbzvNv.jpg&amp;mode=10&amp;name=%d7%9b%d7%9c%20%d7%94%d7%a1%d7%a8%d7%98%d7%99%d7%9d&amp;original_name=no%20order&amp;season=0&amp;url=www&amp;year=%20",
    "steps"     : [
     "@keyboard: {title}",
	 ".*{title}.*"    ],
    "action"    : "PLAY"
   }
  ]
 ] 
}

