{
 "name"         : "Anonymous Play",
 "repository"   : "repository.Anonymous",
 "plugin"       : "plugin.video.chappaai",
 "priority"     : 200,
 "id"           : "direct.Anonymous",
 "filters"      : {},
 "postprocess"  : "",
 "movies"       : [
  [       
  {
    "link"      : "plugin://plugin.video.supremacy/?fanart=http%3a%2f%2fstephen-builds.uk%2fart%2f20839702_10207884860798337_363786087_o.jpg&amp;mode=1&amp;name=%5bCOLOR%20aqua%5dNew%20Releases%5b%2fCOLOR%5d&amp;url=http%3a%2f%2fstephen-builds.uk%2fsupremacy%2fNew%2520Releases%2fNew%2520Releases.txt",
    "steps"     : [
     "@keyboard: {title}",
	 ".*{title}.*"    ],
    "action"    : "PLAY"
    },  
  {
    "link"      : "plugin://plugin.video.supremacy/?fanart=http%3a%2f%2fstephen-builds.uk%2fart%2f20839702_10207884860798337_363786087_o.jpg&amp;mode=1&amp;name=%5bCOLOR%20aqua%5dNew%20Releases%5b%2fCOLOR%5d&amp;url=http%3a%2f%2fstephen-builds.uk%2fsupremacy%2fNew%2520Releases%2fNew%2520Releases.txt",
    "steps"     : [
     "@keyboard: {title}",
	 ".*{title}.*"    ],
    "action"    : "ACTIVATE"
    },

       {
    "link"      : "plugin://plugin.video.monstermunch/?fanart=http%3a%2f%2fsteptoesplace.net%2fpics%2fmonster-munch-300x300.png&amp;mode=1&amp;name=%5bCOLOR%20white%5d%5bB%5d%2a%2aMOVIES%2a%2a%5b%2fB%5d%5b%2fCOLOR%5d&amp;url=http%3a%2f%2fsteptoesplace.net%2fserver%2fmonstermovies.xml",
    "steps"     : [
     "@keyboard: {title}",
	 ".*{title}.*"    ],
    "action"    : "ACTIVATE"
    },
     {
    "language": "en",
    "link"      : "plugin://plugin.video.thedogsbollocks/?fanart=C%3a%5cUsers%5cyakir%5cAppData%5cRoaming%5cKodi%5caddons%5cplugin.video.thepyramid%5cfanart.jpg&amp;mode=41&amp;name=%5bB%5d%5bI%5d%5bCOLORwhite%5dPYRAMID%20MOVIE%20%26%20CATCH%20UP%20TV%20SEARCH%5b%2fB%5d%5b%2fI%5d%5b%2fCOLOR%5d&amp;url=%5bB%5d%5bI%5d%5bCOLORwhite%5dPYRAMID%20MOVIE%20%26%20CATCH%20UP%20TV%20SEARCH%5b%2fB%5d%5b%2fI%5d%5b%2fCOLOR%5d",
    "steps"     : [
     "@keyboard: {title}",
	 ".*{title}.*"    ],
    "action"    : "ACTIVATE"
    },
        {
    "language": "en",
    "link"      : "plugin://plugin.video.UniverseHD/?description&amp;fanart=http%3a%2f%2fworldkodi.com%2fUniverseHD%2fIcons%2fFanart.jpg&amp;iconimage=http%3a%2f%2fworldkodi.com%2fUniverseHD%2fIcons%2fHD%2520Movies.png&amp;mode=2&amp;name=%5bCOLOR%20white%5dHD%20Movies%5b%2fCOLOR%5d&amp;url=http%3a%2f%2fworldkodi.com%2fUniverseHD%2fXml%2fHD%2520Movies.xml",
    "steps"     : ["@keyboard: {title}", ".*{title}.*"],
    "action"    : "PLAY"
   },
   {
    "link"      : "plugin://plugin.video.supremacy/",
    "steps"     : [
	     "@anycontaining: Movies",
		 ".*{title}.*"
     ],
    "action"    : "PLAY"
   },
    {
    "link"      : "plugin://plugin.video.supremacy/",
    "steps"     : [
	     "@anycontaining: Movies",
		 ".*{title}.*"
     ],
    "action"    : "ACTIVATE"
   },

	   {
    "link"      : "plugin://plugin.video.StarTec/?description=No%20information%20available&amp;fanart=https%3a%2f%2fthevpn.guru%2fwp-content%2fuploads%2f2017%2f08%2fHow-to-Install-Real-Debrid-on-Kodi-17-Krypton.jpg&amp;iconimage=http%3a%2f%2fgen-tec.co%2fgentecwiz%2fPLEASE%2520SUBSCRIBE%2520TO%2520CHARLIE%2520TEC%2520YOUTUBE%2faddonicons%2freal-debrid.png&amp;mode=get_list&amp;name=%5bB%5d%5bCOLOR%20orange%5dREAL%20DEBRID%20%5b%2fCOLOR%5d%5bCOLOR%20white%5d%20MOVIES%5b%2fCOLOR%5d%5b%2fB%5d&amp;url=http%3a%2f%2fgen-tec.co%2fgentecwiz%2fPLEASE%2520SUBSCRIBE%2520TO%2520CHARLIE%2520TEC%2520YOUTUBE%2fstar%2fmovies%2fDEBRID.xml",
    "steps"     : [
     "@keyboard: {title}",
	 ".*{title}.*"    ],
    "action"    : "PLAY"
    },
		   {
    "link"      : "plugin://plugin.video.monstermunch/?fanart=http%3a%2f%2fsteptoesplace.net%2fpics%2fmonster-munch-300x300.png&amp;mode=1&amp;name=%5bCOLOR%20white%5d%5bB%5d%2a%2aMOVIES%2a%2a%5b%2fB%5d%5b%2fCOLOR%5d&amp;url=http%3a%2f%2fsteptoesplace.net%2fserver%2fmonstermovies.xml",
    "steps"     : [
     "@keyboard: {title}",
	 ".*{title}.*"    ],
    "action"    : "ACTIVATE"
    },
	  {
	   "language": "he",
    "link"      : "plugin://plugin.video.OpenD/?description=movies&amp;fanart=https%3a%2f%2fimage.tmdb.org%2ft%2fp%2foriginal%2f%2fAu9W5gr8lCazWRacuWb659GQMQ.jpg&amp;genere=%20&amp;iconimage=https%3a%2f%2fimage.tmdb.org%2ft%2fp%2foriginal%2f%2fuC6TTUhPpQCmgldGyYveKRAu8JN.jpg&amp;mode=10&amp;name=%d7%9b%d7%9c%20%d7%94%d7%a1%d7%a8%d7%98%d7%99%d7%9d&amp;original_name=no%20order&amp;season=0&amp;url=www&amp;year=%20",
    "steps"     : [
     "@keyboard: {title}",
	 "{title}"],
    "action"    : "PLAY"
   },
	{
    "link"      : "plugin://plugin.video.allmoviesin/?mode=4&title={title_+}&description={info[plot]}&imdb={imdb}&season=%20&episode=%20&tvdb={tmdb}&data={year}&eng_name={urltitle}&fanart={fanart}&iconimage={poster}&heb_name={urltitle}&name={urltitle}&original_title={original_title}&show_original_year={year}&id={tmdb}&url=http://api.themoviedb.org/3/movie/popular?api_key=34142515d9d23817496eeb4ff1d223d0&language=he&page=1",
    "steps"     : [],
    "action"    : "ACTIVATE"
   }
  ]
 ]
}