{
 "name"         : "[COLOR gold]Anonymous Magnet - !מומלץ[/COLOR]",
 "repository"   : "repository.magnetic.mirror",
 "plugin"       : "plugin.program.Anonymous",
 "priority"     : 210,
 "id"           : "plugin.program.Anonymous",
 "filters"      : {},
 "postprocess"  : "",
 "movies"       : [
  [
   {
    "link"      : "plugin://script.module.magnetic?search=movie&imdb={imdb}&title={title|ws(%20)}&year={year}",
    "steps"     : [],
    "action"    : "PLAY"
   }
  ]
 ],
 "tvshows"      : [
  [
   {
    "link"      : "plugin://script.module.magnetic?search=episode&title={clearname|ws(%20)}&season={season}&episode={episode}",
    "steps"     : [],
    "action"    : "PLAY"
   }
  ]
 ],
 "musicvideos"  : [],
 "music"        : [],
 "live"         : []
}