{
 "name"         : "Anonymous Play",
 "repository"   : "repository.Anonymous",
 "plugin"       : "plugin.video.chappaai",
 "priority"     : 200,
 "id"           : "direct.Anonymous",
 "filters"      : {},
 "postprocess"  : "",
 "movies"       : [
  [       
  {
    "link"      : "plugin://plugin.video.SkyNet/?fanart=http%3a%2f%2fstephen-builds.uk%2fart%2f20839702_10207884860798337_363786087_o.jpg&amp;iconimage=http%3a%2f%2fstephen-builds.uk%2fart%2fstar-wars-the-old-republic-6-icon%2520-%2520Copy.png&amp;mode=1&amp;name=%5bCOLOR%20aqua%5dMovies%5b%2fCOLOR%5d&amp;url=http%3a%2f%2fstephen-builds.uk%2fsupremacy%2fMovies%2fmovies.txt",
    "steps"     : [
     "@keyboard: {title}",
	 ".*{title}.*"    ],
    "action"    : "PLAY"
    },  
  {
    "link"      : "plugin://plugin.video.SkyNet/?fanart=http%3a%2f%2fstephen-builds.uk%2fart%2f20839702_10207884860798337_363786087_o.jpg&amp;iconimage=http%3a%2f%2fstephen-builds.uk%2fart%2fstar-wars-the-old-republic-6-icon%2520-%2520Copy.png&amp;mode=1&amp;name=%5bCOLOR%20aqua%5dMovies%5b%2fCOLOR%5d&amp;url=http%3a%2f%2fstephen-builds.uk%2fsupremacy%2fMovies%2fmovies.txt",
    "steps"     : [
     "@keyboard: {title}",
	 ".*{title}.*"    ],
    "action"    : "ACTIVATE"
    },
     {
    "language": "en",
    "link"      : "plugin://plugin.video.SkyNet/?fanart=https%3a%2f%2fi.imgur.com%2fLboMZjr.jpg&amp;iconimage=https%3a%2f%2fi.imgur.com%2frOolRAh.jpg&amp;mode=1&amp;name=%5bCOLOR%20lime%5dNew%20Movie%20Releases%5b%2fCOLOR%5d&amp;url=https%3a%2f%2fpastebin.com%2fraw%2ft5SXCzjm",
    "steps"     : [
     "@keyboard: {title}",
	 ".*{title}.*"    ],
    "action"    : "ACTIVATE"
    },
        {
    "language": "en",
    "link"      : "plugin://plugin.video.SkyNet/?fanart=https%3a%2f%2fi.imgur.com%2fLboMZjr.jpg&amp;iconimage=http%3a%2f%2fsupremacy.org.uk%2ftombraider%2fdogsbollocks%2fIcons%2fdbicon.jpg&amp;mode=1&amp;name=%5bB%5d%5bCOLORlime%5dNew%20Releases%5b%2fCOLOR%5d%5b%2fB%5d&amp;url=http%3a%2f%2fsupremacy.org.uk%2ftombraider%2fdogsbollocks%2fnewreleases.txt",
    "steps"     : ["@keyboard: {title}", ".*{title}.*"],
    "action"    : "PLAY"
   }
   ]
  ],
"tvshows"      : [
  [
   {
    "language": "en",
    "link"      : "plugin://plugin.video.pandorasbox/?description=%20&amp;extra&amp;fanart=https%3a%2f%2fi.ytimg.com%2fvi%2f1mFdMZjUQAU%2fmaxresdefault.jpg&amp;iconimage=https%3a%2f%2fwww.iconexperience.com%2f_img%2fv_collection_png%2f512x512%2fshadow%2fsort_az_descending.png&amp;mode=400&amp;name=%5bCOLOR%20darkgoldenrod%5dA-Z%5b%2fCOLOR%5d&amp;url=http%3a%2f%2fgenietvcunts.co.uk%2fPansBox%2fORIGINS%2fTV%2fIndex%2fA-Z%2fA-Z.php",
    "steps"     : ["@anycontaining:A|B|C|D|E|F|G|H|I|J|K|L|M|N|O|P|Q|R|S|T|X|Y|Z|U|V|W|#",
     "@keyboard: {clearname}",
	 "{clearname}",
	 ".*{season}*",
	 ".*.* {episode} .*"
     ],
    "action"    : "PLAY"
   }
  ]
 ],
 "musicvideos"  : [],
 "music"        : [],
 "live"         : []
}