{
 "name"         : "Anonymous Play 4K",
 "repository"   : "repository.Anonymous",
 "plugin"       : "plugin.video.chappaai",
 "priority"     : 200,
 "id"           : "direct.Anonymous",
 "filters"      : {},
 "postprocess"  : "",
 "movies"       : [
  [
	{
    "language": "en",
    "link"      : "plugin://plugin.video.SkyNet/?fanart=https%3a%2f%2fi.imgur.com%2fLboMZjr.jpg&amp;mode=1&amp;name=%5bCOLOR%20white%5dMaverick%204K%20UHD%5b%2fCOLOR%5d&amp;url=https%3a%2f%2fpastebin.com%2fraw%2fDHHXrThW",
    "steps"     : ["@keyboard: {title}", ".*{title}.*"],
    "action"    : "PLAY"
   },
     {
    "language": "en",
    "link"      : "plugin://plugin.video.SkyNet/?fanart=https%3a%2f%2fi.imgur.com%2fLboMZjr.jpg&amp;mode=1&amp;name=%5bCOLOR%20white%5dSupremacy%204K%20UHD%5b%2fCOLOR%5d&amp;url=http%3a%2f%2fstephen-builds.uk%2fsupremacy%2f4K%2520Movies%2f4K%2520Movies.txt",
    "steps"     : ["@keyboard: {title}", ".*{title}.*"],
    "action"    : "PLAY"
   },
     {
    "language": "en",
    "link"      : "plugin://plugin.video.SkyNet/?fanart=https%3a%2f%2fi.imgur.com%2fLboMZjr.jpg&amp;mode=1&amp;name=%5bCOLOR%20white%5dSupremacy%204K%20UHD%5b%2fCOLOR%5d&amp;url=http%3a%2f%2fstephen-builds.uk%2fsupremacy%2f4K%2520Movies%2f4K%2520Movies.txt",
    "steps"     : ["@keyboard: {title}", ".*{title}.*"],
    "action"    : "ACTIVATE"
   
   }
  ]
 ]
}