{
 "name"         : "Anonymous Play 4K+1080P - לבעלי מנוי",
 "repository"   : "repository.Anonymous",
 "plugin"       : "plugin.video.allmoviesin",
 "priority"     : 200,
 "id"           : "direct.Anonymous",
 "filters"      : {},
 "postprocess"  : "",
 "movies"       : [
  [
	{
    "language": "en",
    "link"      : "plugin://plugin.video.allmoviesin/?data=%20&amp;dates=%20&amp;description=4K%20%2b%201080P&amp;eng_name=%20&amp;episode=%20&amp;fanart=https%3a%2f%2fkoditips.com%2fwp-content%2fuploads%2fjen-kodi.jpg&amp;heb_name=%20&amp;iconimage=https%3a%2f%2fi.pinimg.com%2f736x%2ff2%2f4a%2f95%2ff24a95322599dd911e293779cd34a00a--purple-wallpaper-wallpaper-space.jpg&amp;id=%20&amp;isr=0&amp;mode=43&amp;name=4K%20%20%201080P&amp;original_title=%20&amp;season=%20&amp;show_original_year=%20&amp;tmdbid=%20&amp;url=5",
    "steps"     : ["@keyboard: {title}", ".*{title}.*"],
    "action"    : "PLAY"
   },
     {
    "language": "en",
    "link"      : "plugin://plugin.video.allmoviesin/?data=%20&amp;dates=%20&amp;description=4K%20%2b%201080P&amp;eng_name=%20&amp;episode=%20&amp;fanart=https%3a%2f%2fkoditips.com%2fwp-content%2fuploads%2fjen-kodi.jpg&amp;heb_name=%20&amp;iconimage=https%3a%2f%2fi.pinimg.com%2f736x%2ff2%2f4a%2f95%2ff24a95322599dd911e293779cd34a00a--purple-wallpaper-wallpaper-space.jpg&amp;id=%20&amp;isr=0&amp;mode=43&amp;name=4K%20%20%201080P&amp;original_title=%20&amp;season=%20&amp;show_original_year=%20&amp;tmdbid=%20&amp;url=5",
    "steps"     : ["@keyboard: {title}", ".*{title}.*"],
    "action"    : "ACTIVATE"
   
   }
  ]
 ]
}