{
 "name"         : "Anonymous Play",
 "repository"   : "repository.Anonymous",
 "plugin"       : "plugin.video.victory",
 "priority"     : 200,
 "id"           : "direct.Anonymous",
 "filters"      : {},
 "postprocess"  : "",
 "movies"       : [
  [       
    {
	"language": "he",
    "link"      : "plugin://plugin.video.ghost/?cat_level=%20&amp;count=0&amp;description&amp;fanart&amp;iconimage&amp;index_depth=0&amp;lang=%20&amp;mode=6&amp;name=%5bCOLOR%20aqua%5d%d7%97%d7%99%d7%a4%d7%95%d7%a9%5b%2fCOLOR%5d&amp;page&amp;selected_list=%20&amp;url=www",
    "steps"     : [
     "@keyboard: {title}",
	 ".*{title}.*"    ],
    "action"    : "PLAY"
    },  
  {
    "link"      : "plugin://plugin.video.victory/?data=%20&amp;dates=%20&amp;description=Movie%20Release&amp;eng_name=%20&amp;episode=%20&amp;fanart=https%3a%2f%2fkoditips.com%2fwp-content%2fuploads%2fjen-kodi.jpg&amp;heb_name=%20&amp;iconimage=https%3a%2f%2fi.pinimg.com%2f736x%2ff2%2f4a%2f95%2ff24a95322599dd911e293779cd34a00a--purple-wallpaper-wallpaper-space.jpg&amp;id=%20&amp;isr=0&amp;mode=43&amp;name=Movie%20Release&amp;original_title=%20&amp;season=%20&amp;show_original_year=%20&amp;tmdbid=%20&amp;url=3",
    "steps"     : [
     "@keyboard: {title}",
	 ".*{title}.*"    ],
    "action"    : "PLAY"
    },  
  {
    "link"      : "plugin://plugin.video.victory/?data=%20&amp;dates=%20&amp;description=Movie%20Release&amp;eng_name=%20&amp;episode=%20&amp;fanart=https%3a%2f%2fkoditips.com%2fwp-content%2fuploads%2fjen-kodi.jpg&amp;heb_name=%20&amp;iconimage=https%3a%2f%2fi.pinimg.com%2f736x%2ff2%2f4a%2f95%2ff24a95322599dd911e293779cd34a00a--purple-wallpaper-wallpaper-space.jpg&amp;id=%20&amp;isr=0&amp;mode=43&amp;name=Movie%20Release&amp;original_title=%20&amp;season=%20&amp;show_original_year=%20&amp;tmdbid=%20&amp;url=3",
    "steps"     : [
     "@keyboard: {title}",
	 ".*{title}.*"    ],
    "action"    : "ACTIVATE"
    }
  ]
 ],
 "musicvideos"  : [],
 "music"        : [],
 "live"         : []
}