{
 "name"         : "[COLOR ff0084ff]Magnetic[/COLOR] - ([COLOR gold]טורנטים[/COLOR])",
 "repository"   : "repository.magnetic.mirror",
 "plugin"       : "script.module.magnetic",
 "priority"     : 210,
 "id"           : "direct.Magnetic_select.YP",
 "filters"      : {},
 "postprocess"  : "",
 "movies"       : [
  [
   {
    "link"      : "plugin://script.module.magnetic?search=movie&imdb=tle|ws(%20)}&year={year}",
    "steps"     : [],
    "action"    : "PLAY"
   }
  ]
 ],
 "tvshows"      : [
  [
   {
    "link"      : "plugin://script.module.magnetic?search=episode&title={clearname|ws={season}&episode={episode}",
    "steps"     : [],
    "action"    : "PLAY"
   }
  ]
 ],
 "musicvideos"  : [],
 "music"        : [],
 "live"         : []
}