{
 "name"         : "Anonymous Play 4K - לבעלי מנוי",
 "repository"   : "repository.Anonymous",
 "plugin"       : "plugin.video.allmoviesin",
 "priority"     : 200,
 "id"           : "direct.Anonymous",
 "filters"      : {},
 "postprocess"  : "",
 "movies"       : [
  [
	{
    "language": "en",
    "link"      : "plugin://plugin.video.movieclick/?data=%20&amp;dates=%20&amp;description=%d7%a1%d7%a8%d7%98%d7%99%d7%9d%204K%20%d7%91%20RD&amp;eng_name=%20&amp;episode=%20&amp;fanart=https%3a%2f%2fkoditips.com%2fwp-content%2fuploads%2fjen-kodi.jpg&amp;heb_name=%20&amp;iconimage=https%3a%2f%2fencrypted-tbn0.gstatic.com%2fimages%3fq%3dtbn%3aANd9GcR3LLv-X-DrAdww0GSf2HUCx19mtYOWXNGCYLADShDUqfX0armS0Q&amp;id=%20&amp;isr=0&amp;mode=43&amp;name=%d7%a1%d7%a8%d7%98%d7%99%d7%9d%204K%20%d7%91%20RD&amp;original_title=%20&amp;season=%20&amp;show_original_year=%20&amp;tmdbid=%20&amp;url=5",
    "steps"     : ["@keyboard: {title}", ".*{title}.*"],
    "action"    : "PLAY"
   },
     {
    "language": "en",
    "link"      : "plugin://plugin.video.movieclick/?data=%20&amp;dates=%20&amp;description=%d7%a1%d7%a8%d7%98%d7%99%d7%9d%204K%20%d7%91%20RD&amp;eng_name=%20&amp;episode=%20&amp;fanart=https%3a%2f%2fkoditips.com%2fwp-content%2fuploads%2fjen-kodi.jpg&amp;heb_name=%20&amp;iconimage=https%3a%2f%2fencrypted-tbn0.gstatic.com%2fimages%3fq%3dtbn%3aANd9GcR3LLv-X-DrAdww0GSf2HUCx19mtYOWXNGCYLADShDUqfX0armS0Q&amp;id=%20&amp;isr=0&amp;mode=43&amp;name=%d7%a1%d7%a8%d7%98%d7%99%d7%9d%204K%20%d7%91%20RD&amp;original_title=%20&amp;season=%20&amp;show_original_year=%20&amp;tmdbid=%20&amp;url=5",
    "steps"     : ["@keyboard: {title}", ".*{title}.*"],
    "action"    : "ACTIVATE"
   
   }
  ]
 ]
}