{
 "name"         : "Torrenter - ([COLOR red]טורנטים[/COLOR])",
 "repository"   : "repository.myshows.me",
 "plugin"       : "plugin.video.torrenter",
 "priority"     : 200,
 "id"           : "direct.torrenter.t",
 "filters"      : {},
 "postprocess"  : "",
 "movies"       : [
  [
   {
    "link"      : "plugin://plugin.video.torrenter/?action=search&url={title}",
    "steps"     : ["(.*(4K|2160p|1080p|720p|480p).*)"],
    "action"    : "ACTIVATE"
   }
  ]
 ],
 "tvshows"      : [
  [
   {
    "link"      : "plugin://plugin.video.torrenter/?action=search&url={name}",
    "steps"     : [".*.*"],
    "action"    : "ACTIVATE"
   }
  ]
 ],
 "musicvideos"  : [],
 "music"        : [],
 "live"         : []
}