{
 "name"         : "סרטים בקליק - מומלץ לעשות מנוי ל RD",
 "repository"   : "repository.Anonymous",
 "plugin"       : "plugin.video.movieclick",
 "priority"     : 200,
 "id"           : "direct.Anonymous",
 "filters"      : {},
 "postprocess"  : "",
 "movies"       : [
  [
	{
    "language": "en",
    "link"      : "plugin://plugin.video.movieclick/?data=%20&amp;dates=%20&amp;description=%d7%9b%d7%9c%20%d7%94%d7%a1%d7%a8%d7%98%d7%99%d7%9d&amp;eng_name=%20&amp;episode=%20&amp;fanart=https%3a%2f%2fkoditips.com%2fwp-content%2fuploads%2fjen-kodi.jpg&amp;heb_name=%20&amp;iconimage=https%3a%2f%2fencrypted-tbn0.gstatic.com%2fimages%3fq%3dtbn%3aANd9GcR3LLv-X-DrAdww0GSf2HUCx19mtYOWXNGCYLADShDUqfX0armS0Q&amp;id=%20&amp;isr=0&amp;mode=43&amp;name=%d7%9b%d7%9c%20%d7%94%d7%a1%d7%a8%d7%98%d7%99%d7%9d&amp;original_title=%20&amp;season=%20&amp;show_original_year=%20&amp;tmdbid=%20&amp;url=13",
    "steps"     : ["@keyboard: {title}", ".*{title}.*"],
    "action"    : "PLAY"
   },
     {
    "language": "en",
    "link"      : "plugin://plugin.video.movieclick/?data=%20&amp;dates=%20&amp;description=%d7%9b%d7%9c%20%d7%94%d7%a1%d7%a8%d7%98%d7%99%d7%9d&amp;eng_name=%20&amp;episode=%20&amp;fanart=https%3a%2f%2fkoditips.com%2fwp-content%2fuploads%2fjen-kodi.jpg&amp;heb_name=%20&amp;iconimage=https%3a%2f%2fencrypted-tbn0.gstatic.com%2fimages%3fq%3dtbn%3aANd9GcR3LLv-X-DrAdww0GSf2HUCx19mtYOWXNGCYLADShDUqfX0armS0Q&amp;id=%20&amp;isr=0&amp;mode=43&amp;name=%d7%9b%d7%9c%20%d7%94%d7%a1%d7%a8%d7%98%d7%99%d7%9d&amp;original_title=%20&amp;season=%20&amp;show_original_year=%20&amp;tmdbid=%20&amp;url=13",
    "steps"     : ["@keyboard: {title}", ".*{title}.*"],
    "action"    : "ACTIVATE"
   
   },
     {
	   "language": "he",
    "link"      : "plugin://plugin.video.ghostpremium/?cat_level=%20&amp;count=0&amp;description&amp;fanart=http%3a%2f%2fimg-31.ccm2.net%2fVXvUmaJweeWRShVXxn2cwrskiY8%3d%2f1240x%2fsmart%2f8effb5b443a6483eaed2a8f886b037e3%2fccmcms-hugo%2f10759516.jpg&amp;iconimage=https%3a%2f%2fi.imgur.com%2f2CGG0m5.png&amp;index_depth=0&amp;lang=heb&amp;mode=12&amp;name=%5bCOLOR%20aqua%5d%d7%9b%d7%9c%20%d7%94%d7%a1%d7%a8%d7%98%d7%99%d7%9d%5b%2fCOLOR%5d&amp;page&amp;selected_list=%20&amp;url=all",
    "steps"     : [
     "@keyboard: {title}",
	 ".*{title}.*"    ],
    "action"    : "PLAY"
   },
         {
	   "language": "he",
    "link"      : "plugin://plugin.video.TheFirstAvenger/?cat_level=%20&amp;count=0&amp;description&amp;fanart&amp;iconimage&amp;index_depth=0&amp;lang=eng&amp;mode=6&amp;name=%5bCOLOR%20aqua%5d%d7%97%d7%99%d7%a4%d7%95%d7%a9%5b%2fCOLOR%5d&amp;page&amp;selected_list=%20&amp;url=www",
    "steps"     : [
     "@keyboard: {title}",
	 ".*{title}.*"    ],
    "action"    : "PLAY"
   },
    {

    "link"      : "plugin://plugin.video.movixws/?description=%d7%97%d7%99%d7%a4%d7%95%d7%a9&amp;fanart=%20&amp;iconimage=%20&amp;mode=5&amp;name=%5bCOLOR%20aqua%5d%5bI%5d%d7%97%d7%99%d7%a4%d7%95%d7%a9%5b%2fI%5d%5b%2fCOLOR%5d&amp;url=www",
    "steps"     : [
     "@keyboard: {title}",
	 ".*{title}.*"],
    "action"    : "PLAY"
   },
    {
    "link"      : "plugin://plugin.video.ember/?url=movie_search&amp;mode=3&amp;name=({title})&amp;data=&amp;iconimage=&amp;fanart=&amp;description=&amp;year={year}&amp;season= &amp;episode= &amp;imdb={id}&amp;original_title= ",
    "steps"     : [],
    "action"    : "PLAY"
   },
   {
    "link"      : "plugin://plugin.video.ember/?url=movie_search&amp;mode=3&amp;name=({title})&amp;data=&amp;iconimage=&amp;fanart=&amp;description=&amp;year={year}&amp;season= &amp;episode= &amp;imdb={imdb}&amp;original_title= ",
    "steps"     : [],
    "action"    : "PLAY"
   }
  ]
 ]
}