{
 "name"         : "Anonymous Play",
 "repository"   : "repository.Anonymous",
 "plugin"       : "skin.anonymous.mod",
 "priority"     : 200,
 "id"           : "direct.Anonymous",
 "filters"      : {},
 "postprocess"  : "",
 "movies"       : [
  [       
  {
    "link"      : "plugin://plugin.video.supremacy/?fanart=http%3a%2f%2fstephen-builds.uk%2fart%2f20839702_10207884860798337_363786087_o.jpg&amp;mode=1&amp;name=%5bCOLOR%20aqua%5dNew%20Releases%5b%2fCOLOR%5d&amp;url=http%3a%2f%2fstephen-builds.uk%2fsupremacy%2fNew%2520Releases%2fNew%2520Releases.txt",
    "steps"     : [
     "@keyboard: {title}",
	 ".*{title}.*"    ],
    "action"    : "PLAY"
    },  
  {
    "link"      : "plugin://plugin.video.supremacy/?fanart=http%3a%2f%2fstephen-builds.uk%2fart%2f20839702_10207884860798337_363786087_o.jpg&amp;mode=1&amp;name=%5bCOLOR%20aqua%5dNew%20Releases%5b%2fCOLOR%5d&amp;url=http%3a%2f%2fstephen-builds.uk%2fsupremacy%2fNew%2520Releases%2fNew%2520Releases.txt",
    "steps"     : [
     "@keyboard: {title}",
	 ".*{title}.*"    ],
    "action"    : "ACTIVATE"
    },

       {
    "link"      : "plugin://plugin.video.monstermunch/?fanart=http%3a%2f%2fsteptoesplace.net%2fpics%2fmonster-munch-300x300.png&amp;mode=1&amp;name=%5bCOLOR%20white%5d%5bB%5d%2a%2aMOVIES%2a%2a%5b%2fB%5d%5b%2fCOLOR%5d&amp;url=http%3a%2f%2fsteptoesplace.net%2fserver%2fmonstermovies.xml",
    "steps"     : [
     "@keyboard: {title}",
	 ".*{title}.*"    ],
    "action"    : "ACTIVATE"
    },
     {
    "language": "en",
    "link"      : "plugin://plugin.video.thedogsbollocks/?fanart=C%3a%5cUsers%5cyakir%5cAppData%5cRoaming%5cKodi%5caddons%5cplugin.video.thepyramid%5cfanart.jpg&amp;mode=41&amp;name=%5bB%5d%5bI%5d%5bCOLORwhite%5dPYRAMID%20MOVIE%20%26%20CATCH%20UP%20TV%20SEARCH%5b%2fB%5d%5b%2fI%5d%5b%2fCOLOR%5d&amp;url=%5bB%5d%5bI%5d%5bCOLORwhite%5dPYRAMID%20MOVIE%20%26%20CATCH%20UP%20TV%20SEARCH%5b%2fB%5d%5b%2fI%5d%5b%2fCOLOR%5d",
    "steps"     : [
     "@keyboard: {title}",
	 ".*{title}.*"    ],
    "action"    : "ACTIVATE"
    },
        {
    "language": "en",
    "link"      : "plugin://plugin.video.UniverseHD/?description&amp;fanart=http%3a%2f%2fworldkodi.com%2fUniverseHD%2fIcons%2fFanart.jpg&amp;iconimage=http%3a%2f%2fworldkodi.com%2fUniverseHD%2fIcons%2fHD%2520Movies.png&amp;mode=2&amp;name=%5bCOLOR%20white%5dHD%20Movies%5b%2fCOLOR%5d&amp;url=http%3a%2f%2fworldkodi.com%2fUniverseHD%2fXml%2fHD%2520Movies.xml",
    "steps"     : ["@keyboard: {title}", ".*{title}.*"],
    "action"    : "PLAY"
   },
   {
    "link"      : "plugin://plugin.video.supremacy/",
    "steps"     : [
	     "@anycontaining: Movies",
		 ".*{title}.*"
     ],
    "action"    : "PLAY"
   },
    {
    "link"      : "plugin://plugin.video.supremacy/",
    "steps"     : [
	     "@anycontaining: Movies",
		 ".*{title}.*"
     ],
    "action"    : "ACTIVATE"
   },

	   {
    "link"      : "plugin://plugin.video.StarTec/?description=No%20information%20available&amp;fanart=https%3a%2f%2fthevpn.guru%2fwp-content%2fuploads%2f2017%2f08%2fHow-to-Install-Real-Debrid-on-Kodi-17-Krypton.jpg&amp;iconimage=http%3a%2f%2fgen-tec.co%2fgentecwiz%2fPLEASE%2520SUBSCRIBE%2520TO%2520CHARLIE%2520TEC%2520YOUTUBE%2faddonicons%2freal-debrid.png&amp;mode=get_list&amp;name=%5bB%5d%5bCOLOR%20orange%5dREAL%20DEBRID%20%5b%2fCOLOR%5d%5bCOLOR%20white%5d%20MOVIES%5b%2fCOLOR%5d%5b%2fB%5d&amp;url=http%3a%2f%2fgen-tec.co%2fgentecwiz%2fPLEASE%2520SUBSCRIBE%2520TO%2520CHARLIE%2520TEC%2520YOUTUBE%2fstar%2fmovies%2fDEBRID.xml",
    "steps"     : [
     "@keyboard: {title}",
	 ".*{title}.*"    ],
    "action"    : "PLAY"
    },
		   {
    "link"      : "plugin://plugin.video.monstermunch/?fanart=http%3a%2f%2fsteptoesplace.net%2fpics%2fmonster-munch-300x300.png&amp;mode=1&amp;name=%5bCOLOR%20white%5d%5bB%5d%2a%2aMOVIES%2a%2a%5b%2fB%5d%5b%2fCOLOR%5d&amp;url=http%3a%2f%2fsteptoesplace.net%2fserver%2fmonstermovies.xml",
    "steps"     : [
     "@keyboard: {title}",
	 ".*{title}.*"    ],
    "action"    : "ACTIVATE"
    },
	  {
  
    "link"      : "plugin://plugin.video.gdrive/?content_type=video&amp;folder=0B_U0eftGHrLodVpEMVJLZFZEOHc&amp;instance=gdrive1&amp;mode=index",
    "steps"     : ["@anycontaining:2014|2015|2016|4K|3D",
     "@keyboard: {title}",
	 ".*{title}.*"    ],
    "action"    : "PLAY"
    },
	{
  
    "link"      : "plugin://plugin.video.gdrive/?content_type=video&amp;folder=0B_U0eftGHrLoWDBrYkJsSDRKVzA&amp;instance=gdrive1&amp;mode=index",
    "steps"     : [
     "@keyboard: {title}",
	 ".*{title}.*"    ],
    "action"    : "PLAY"
    },
	  {
  
    "link"      : "plugin://plugin.video.gdrive/?content_type=video&amp;folder=VIDEO&amp;instance=gdrive1&amp;mode=index",
    "steps"     : [
     "@keyboard: {title}",
	 ".*{title}.*"    ],
    "action"    : "PLAY"
    },
	{
    "link"      : "plugin://plugin.video.allmoviesin/?mode=4&title={title_+}&description={info[plot]}&imdb={imdb}&season=%20&episode=%20&tvdb={tmdb}&data={year}&eng_name={urltitle}&fanart={fanart}&iconimage={poster}&heb_name={urltitle}&name={urltitle}&original_title={original_title}&show_original_year={year}&id={tmdb}&url=http://api.themoviedb.org/3/movie/popular?api_key=34142515d9d23817496eeb4ff1d223d0&language=he&page=1",
    "steps"     : [],
    "action"    : "ACTIVATE"
   }
   ]
  ],
"tvshows"      : [
  [
   {
    "language": "en",
    "link"      : "plugin://plugin.video.pandorasbox/?description=%20&amp;extra&amp;fanart=https%3a%2f%2fi.ytimg.com%2fvi%2f1mFdMZjUQAU%2fmaxresdefault.jpg&amp;iconimage=https%3a%2f%2fwww.iconexperience.com%2f_img%2fv_collection_png%2f512x512%2fshadow%2fsort_az_descending.png&amp;mode=400&amp;name=%5bCOLOR%20darkgoldenrod%5dA-Z%5b%2fCOLOR%5d&amp;url=http%3a%2f%2fgenietvcunts.co.uk%2fPansBox%2fORIGINS%2fTV%2fIndex%2fA-Z%2fA-Z.php",
    "steps"     : ["@anycontaining:A|B|C|D|E|F|G|H|I|J|K|L|M|N|O|P|Q|R|S|T|X|Y|Z|U|V|W|#",
     "@keyboard: {clearname}",
	 "{clearname}",
	 ".*{season}*",
	 ".*.* {episode} .*"
     ],
    "action"    : "PLAY"
   }
  ]
 ],
 "musicvideos"  : [],
 "music"        : [],
 "live"         : []
}