{
 "name"         : "UniverseHD",
 "repository"   : "repository.DarkRepo",
 "plugin"       : "plugin.video.UniverseHD1",
 "priority"     : 5,
 "id"           : "direct.UniverseHD",
 "filters"      : {},
 "postprocess"  : "",
 "movies"       : [
  [
   {
    "language": "en",
    "link"      : "plugin://plugin.video.UniverseHD/?description&amp;fanart=C%3a%5cUsers%5cHome%5cAppData%5cRoaming%5cKodi%5caddons%5cplugin.video.UniverseHD%5cFanart.jpg&amp;mode=5&amp;name=%5bB%5d%5bCOLOR%20snow%5dSEARCH%5b%2fCOLOR%5d%5b%2fB%5d&amp;url=http%3a%2f%2fworldkodi.com%2fUniverseHD%2fXml%2fBase.xml&quot",
    "steps"     : ["@keyboard: {title}", ".*{title}.*"],
    "action"    : "PLAY"
 
   }
  ]
 ],
 "tvshows1"       : [
  [
   {
    "language": "en",
    "link"      : "plugin://plugin.video.UniverseHD/?description&amp;fanart=C%3a%5cUsers%5cHome%5cAppData%5cRoaming%5cKodi%5caddons%5cplugin.video.UniverseHD%5cFanart.jpg&amp;mode=5&amp;name=%5bB%5d%5bCOLOR%20snow%5dSEARCH%5b%2fCOLOR%5d%5b%2fB%5d&amp;url=http%3a%2f%2fworldkodi.com%2fUniverseHD%2fXml%2fBase.xml&quot",
    "steps"     : ["@keyboard: {title}", ".*{title}.*"],
    "action"    : "ACTIVATE"
   }
  ]
 ]
} 