{
 "name"         : "Anonymous Play RD",
 "repository"   : "repository.Anonymous",
 "plugin"       : "plugin.video.chappaai",
 "priority"     : 200,
 "id"           : "direct.Anonymous",
 "filters"      : {},
 "postprocess"  : "",
 "movies"       : [
  [
       {
    "language": "en",
    "link"      : "plugin://plugin.video.SkyNet/?fanart=https%3a%2f%2fi.imgur.com%2fHSiT6nF.jpg&amp;mode=1&amp;name=%5bCOLOR%20lime%5d%5bB%5dReal%20Debrid%20Full%20HD%20Movies%5b%2fB%5d%5b%2fCOLOR%5d&amp;url=https%3a%2f%2fpastebin.com%2fraw%2fhXtHkAEg",
    "steps"     : [
     "@keyboard: {title}",
	 ".*{title}.*"    ],
    "action"    : "PLAY"
    },
   {
    "link"      : "plugin://plugin.video.SkyNet/?fanart=http%3a%2f%2fstephen-builds.uk%2fart%2f20839702_10207884860798337_363786087_o.jpg&amp;mode=1&amp;name=%5bCOLOR%20aqua%5dReal%20Debrid%20Movies%5b%2fCOLOR%5d&amp;url=http%3a%2f%2fstephen-builds.uk%2fsupremacy%2fReal%2520Debrid%2520Movies%2fReal%2520Debrid%2520Movies.xml",
    "steps"     : ["@keyboard: {title}", ".*{title}.*"],
    "action"    : "PLAY"
   },
    {
    "link"      : "plugin://plugin.video.SkyNet/?fanart=http%3a%2f%2fstephen-builds.uk%2fart%2f20839702_10207884860798337_363786087_o.jpg&amp;mode=1&amp;name=%5bCOLOR%20aqua%5dReal%20Debrid%20Movies%5b%2fCOLOR%5d&amp;url=http%3a%2f%2fstephen-builds.uk%2fsupremacy%2fReal%2520Debrid%2520Movies%2fReal%2520Debrid%2520Movies.xml",
    "steps"     : ["@keyboard: {title}", ".*{title}.*"],
    "action"    : "ACTIVATE"
   },

        {
    "language": "en",
    "link"      : "plugin://plugin.video.SkyNet/?fanart=https%3a%2f%2fimages2.alphacoders.com%2f121%2f121150.jpg&amp;mode=1&amp;name=%5bB%5d%5bI%5d%5bCOLORred%5dReal%20Debrid%20Movies%5b%2fB%5d%5b%2fI%5d%5b%2fCOLOR%5d&amp;url=http%3a%2f%2fsupremacy.org.uk%2ftombraider%2fdogsbollocks%2frealdebrid.txt",
    "steps"     : [
     "@keyboard: {title}",
	 ".*{title}.*"    ],
    "action"    : "ACTIVATE"
    }
  ]
 ]
}