{
 "name"         : "MaverickTV",
 "repository"   : "repository.MaverickTV",
 "plugin"       : "plugin.video.MaverickTV1",
 "priority"     : 800,
 "id"           : "navigate.MaverickTV",
 "filters"      : {},
 "postprocess"  : "",
 "movies"       : [
  [
    {
    "link"      : "plugin://plugin.video.MaverickTV/",
    "steps"     : [
	     "@anycontaining:Real Debrid 4K UHD And FHD",
		 ".*{title}.*"
     ],
    "action"    : "PLAY"
   },
   {
    "link"      : "plugin://plugin.video.MaverickTV/",
    "steps"     : [
	     "@anycontaining:New Movie Releases",
		 ".*{title}.*"
     ],
    "action"    : "PLAY"
   },
      {
    "link"      : "plugin://plugin.video.MaverickTV/",
    "steps"     : [
	     "@anycontaining:New Movie Releases",
		 ".*{title}.*"
     ],
    "action"    : "ACTIVATE"
   }
  ]
 ]
}