{
 "name"         : "Search - [COLOR ff0084ff]Movix[/COLOR] - ([COLOR gold]מתורגם/מדובב[/COLOR])",
 "repository"   : "repository.movix",
 "plugin"       : "plugin.video.movixws1",
 "priority"     : 600,
 "id"           : "search.movix.YP",
 "filters"      : {},
 "postprocess"  : "",
  "movies"       : [
  [
   {
    "language": "he",
    "link"      : "plugin://plugin.video.movix_reborn/?description&amp;iconimage=https%3a%2f%2fencrypted-tbn1.gstatic.com%2fimages%3fq%3dtbn%3aANd9GcQlAUVuxDFwhHYzmwfhcUEBgQXkkWi5XnM4ZyKxGecol952w-Rp&amp;isprem=False&amp;mode=13&amp;name=Search%20-%20%d7%97%d7%99%d7%a4%d7%95%d7%a9&amp;url=1&quot",
    "steps"     : [
     "@keyboard: {title}",
	 ".*{name}.*",
	 ".*- ניגון אוטומטי.*"
     ],
    "action"    : "PLAY"
 
   }
  ]
 ],
"tvshows"       : [
  [
   {

    "link"      : "plugin://plugin.video.movixws/?description=%d7%97%d7%99%d7%a4%d7%95%d7%a9&amp;fanart=%20&amp;iconimage=%20&amp;mode=5&amp;name=%5bCOLOR%20aqua%5d%5bI%5d%d7%97%d7%99%d7%a4%d7%95%d7%a9%5b%2fI%5d%5b%2fCOLOR%5d&amp;url=www",
    "steps"     : [
     "@keyboard: {clearname}",
	 "{clearname}",

	 ".*{episode}.*"
     ],
    "action"    : "PLAY"
 
   }
  ]
 ] 
}