<?xml version='1.0' encoding='UTF-8'?>
<shortcuts>
	<shortcut>
		<defaultID>31123</defaultID>
		<label>סרטים מדובבים</label>
		<label2>פריטים מותאמים אישית</label2>
		<icon>special://skin/extras/icons/addon.png</icon>
		<thumb>special://skin/extras/icons/bob_sfog1.png</thumb>
		<action>ActivateWindow(Videos,"plugin://plugin.video.HebDub.movies",return)</action>
	</shortcut>
	<shortcut>
		<defaultID />
		<label>ערוץ מדובבים ברצף</label>
		<label2>פריטים מותאמים אישית</label2>
		<icon>DefaultShortcut.png</icon>
		<thumb>special://skin/extras/icons/donald_duck.png</thumb>
		<action>PlayMedia("plugin://plugin.video.allmoviesin/?url=https%3A%2F%2Fgoo.gl%2FvCA3Mq&amp;mode=36&amp;name=ערוץ המדובבים&amp;data=&amp;iconimage=http%3A%2F%2Ficons.iconarchive.com%2Ficons%2F3xhumed%2Fmega-games-pack-31%2F256%2FCars-pixar-4-icon.png&amp;fanart=https%3A%2F%2Fwww.filminquiry.com%2Fwp-content%2Fuploads%2F2015%2F10%2FPixar.jpg&amp;description=ערוץ המדובבים&amp;original_title= &amp;id= &amp;season= &amp;episode= &amp;saved_name= &amp;prev_name= &amp;eng_name= &amp;heb_name= &amp;show_original_year= ")</action>
	</shortcut>
	<shortcut>
		<defaultID>plugin.video.nostalgia</defaultID>
		<label>נוסטלגיה חינוכית</label>
		<label2>הרחבת וידאו</label2>
		<icon>DefaultShortcut.png</icon>
		<thumb>special://skin/extras/icons/director.png</thumb>
		<action>ActivateWindow(Videos,"plugin://plugin.video.nostalgia",return)</action>
	</shortcut>
	<shortcut>
		<defaultID />
		<label>קלטות ילדים</label>
		<label2>פריטים מותאמים אישית</label2>
		<icon>DefaultShortcut.png</icon>
		<thumb>special://skin/extras/icons/mdimperialstreams.png</thumb>
		<action>ActivateWindow(Videos,"plugin://plugin.video.idanplus/?moredata=&amp;name=%D7%A7%D7%9C%D7%98%D7%95%D7%AA+%D7%99%D7%9C%D7%93%D7%99%D7%9D&amp;url=http%253A%252F%252Fwww.mako.co.il%252Fmako-vod-kids&amp;iconimage=C%253A%255CUsers%255CHome%255CAppData%255CRoaming%255CKodi%255Caddons%255Cplugin.video.idanplus%255Cresources%255Cimages%255Ckids.jpg&amp;module=keshet&amp;mode=1",return)</action>
	</shortcut>
	<shortcut>
		<defaultID />
		<label>תוכניות לילדים</label>
		<label2>פריטים מותאמים אישית</label2>
		<icon>DefaultShortcut.png</icon>
		<thumb>special://skin/extras/icons/kids.png</thumb>
		<action>ActivateWindow(Videos,"plugin://plugin.video.Vodil/?url=url&amp;mode=12&amp;name=%D7%99%D7%9C%D7%93%D7%99%D7%9D",return)</action>
	</shortcut>
	<shortcut>
		<defaultID />
		<label>תענוג לילדים</label>
		<label2>פריטים מותאמים אישית</label2>
		<icon>DefaultShortcut.png</icon>
		<thumb>special://skin/extras/icons/kids.png</thumb>
		<action>ActivateWindow(Videos,"plugin://plugin.video.Ebs4_Kids_Tv",return)</action>
	</shortcut>
	<shortcut>
		<defaultID />
		<label>Kidsil</label>
		<label2>Custom shortcut</label2>
		<icon>DefaultShortcut.png</icon>
		<thumb>special://skin/extras/icons/octo.png</thumb>
		<action>ActivateWindow(10025,"plugin://plugin.video.KIDSIL",return)</action>
	</shortcut>
	<shortcut>
		<defaultID>plugin.video.last_played</defaultID>
		<label>נוגן לאחרונה</label>
		<label2>הרחבת וידאו</label2>
		<icon>DefaultShortcut.png</icon>
		<thumb>special://skin/extras/icons/recent.png</thumb>
		<action>ActivateWindow(Videos,"plugin://plugin.video.last_played",return)</action>
	</shortcut>
</shortcuts>
